Status,Module,File Time Stamp,Link Time Stamp,File Size,Attr.,Link Checksum,Real Checksum,CPU,Subsystem,Symbols,Preferred Base,Actual Base,Virtual Size,Load Order,File Ver,Product Ver,Image Ver,Linker Ver,OS Ver,Subsystem Ver
D?,"DWMAPI.DLL","Error opening file. The system cannot find the file specified (2).",,,,,,,,,,,,,,,,,,
E,"c:\windows\system32\SHLWAPI.DLL",2007-10-11 00:13:46,2007-10-11 01:13:45,474112,A,0x00076DDC,0x00076DDC,x86,GUI,"CV",0x77F60000,Unknown,0x00076000,Not Loaded,6.0.2900.3231,6.0.2900.3231,5.1,7.10,5.1,4.0
DE,"c:\windows\system32\MPR.DLL",2004-08-04 12:00:00,2004-08-04 02:56:46,59904,A,0x00018245,0x00018245,x86,Console,"CV",0x71B20000,Unknown,0x00012000,Not Loaded,5.1.2600.2180,5.1.2600.2180,5.1,7.10,5.1,4.0
,"c:\ruby-1.8.7-p72\bin\MSVCRT-RUBY18.DLL",2008-08-12 09:10:24,2008-08-11 19:10:23,925765,A,0x00000000,0x000E904C,x86,Console,"PDB",0x10000000,Unknown,0x000F6000,Not Loaded,1.8.7.72,1.8.7.72,0.0,6.0,4.0,4.0
,"c:\ruby-1.8.7-p72\lib\ruby\gems\1.8\gems\sqlite3-ruby-1.2.3-x86-mswin32\lib\SQLITE3_API.DLL",2009-02-26 21:56:16,2008-08-26 21:50:45,99840,A,0x00000000,0x0001E335,x86,GUI,"None",0x10000000,Unknown,0x0001C000,Not Loaded,N/A,N/A,0.0,9.0,5.0,5.0
,"c:\windows\system32\ADVAPI32.DLL",2009-02-09 05:20:34,2009-02-09 05:20:33,616960,A,0x0009BE9E,0x0009BE9E,x86,Console,"CV",0x77DD0000,Unknown,0x0009B000,Not Loaded,5.1.2600.3520,5.1.2600.3520,5.1,7.10,5.1,4.0
,"c:\windows\system32\GDI32.DLL",2008-10-23 07:01:36,2008-10-23 08:01:36,283648,A,0x0004C8E2,0x0004C8E2,x86,Console,"CV",0x77F10000,Unknown,0x00048000,Not Loaded,5.1.2600.3466,5.1.2600.3466,5.1,7.10,5.1,4.10
,"c:\windows\system32\KERNEL32.DLL",2009-03-21 09:18:58,2009-03-21 09:18:57,986112,A,0x000FEAFF,0x000FEAFF,x86,Console,"CV",0x7C800000,Unknown,0x000F5000,Not Loaded,5.1.2600.3541,5.1.2600.3541,5.1,7.10,5.1,4.0
,"c:\windows\system32\MSVCRT.DLL",2004-08-04 12:00:00,2004-08-04 02:59:14,343040,A,0x00057CD3,0x00057CD3,x86,GUI,"CV",0x77C10000,Unknown,0x00058000,Not Loaded,7.0.2600.2180,6.1.8638.2180,5.1,7.10,5.1,4.0
,"c:\windows\system32\NTDLL.DLL",2009-02-09 05:20:34,2009-02-09 05:20:32,714752,A,0x000BBA39,0x000BBA39,x86,Console,"CV",0x7C900000,Unknown,0x000B2000,Not Loaded,5.1.2600.3520,5.1.2600.3520,5.1,7.10,5.1,4.10
,"c:\windows\system32\RPCRT4.DLL",2007-07-09 08:09:42,2007-07-09 08:09:42,584192,A,0x0008EC00,0x0008EC00,x86,Console,"CV",0x77E70000,Unknown,0x00092000,Not Loaded,5.1.2600.3173,5.1.2600.3173,5.1,7.10,5.1,4.10
,"c:\windows\system32\SECUR32.DLL",2009-02-03 15:08:52,2009-02-03 15:08:52,55808,A,0x0001C522,0x0001C522,x86,Console,"CV",0x77FE0000,Unknown,0x00011000,Not Loaded,5.1.2600.3518,5.1.2600.3518,5.1,7.10,5.1,4.0
,"c:\windows\system32\SHELL32.DLL",2008-07-03 07:03:30,2008-07-03 08:03:28,8460800,A,0x00817794,0x00817794,x86,GUI,"CV",0x7C9C0000,Unknown,0x00817000,Not Loaded,6.0.2900.3402,6.0.2900.3402,5.1,7.10,5.1,4.10
,"c:\windows\system32\SQLITE3.DLL",2008-10-15 07:27:00,2008-10-15 06:27:51,489371,A,0x00000000,0x0007D669,x86,Console,"None",0x60900000,Unknown,0x00069000,Not Loaded,N/A,N/A,1.0,2.56,4.0,4.0
,"c:\windows\system32\USER32.DLL",2007-03-08 10:36:28,2007-03-08 10:36:28,577536,A,0x000940E1,0x000940E1,x86,GUI,"CV",0x7E410000,Unknown,0x00090000,Not Loaded,5.1.2600.3099,5.1.2600.3099,5.1,7.10,5.1,4.0
,"c:\windows\system32\WS2_32.DLL",2004-08-04 12:00:00,2004-08-04 02:57:38,82944,A,0x0002030B,0x0002030B,x86,Console,"CV",0x71AB0000,Unknown,0x00017000,Not Loaded,5.1.2600.2180,5.1.2600.2180,5.1,7.10,5.1,4.10
,"c:\windows\system32\WS2HELP.DLL",2004-08-04 12:00:00,2004-08-04 02:57:39,19968,A,0x0000AFF6,0x0000AFF6,x86,Console,"CV",0x71AA0000,Unknown,0x00008000,Not Loaded,5.1.2600.2180,5.1.2600.2180,5.1,7.10,5.1,4.0
D,"c:\windows\system32\ACTIVEDS.DLL",2004-08-04 12:00:00,2004-08-04 02:56:03,194048,A,0x00037ECF,0x00037ECF,x86,Console,"CV",0x77CC0000,Unknown,0x00032000,Not Loaded,5.1.2600.2180,5.1.2600.2180,5.1,7.10,5.1,4.0
D,"c:\windows\system32\ADSLDPC.DLL",2004-08-04 12:00:00,2004-08-04 02:56:13,143360,A,0x00026305,0x00026305,x86,Console,"CV",0x76E10000,Unknown,0x00025000,Not Loaded,5.1.2600.2180,5.1.2600.2180,5.1,7.10,5.1,4.0
D,"c:\windows\system32\ADVPACK.DLL",2009-02-20 13:09:36,2009-02-20 13:09:35,124928,A,0x0001FF8B,0x0001FF8B,x86,GUI,"CV",0x42EC0000,Unknown,0x0002E000,Not Loaded,7.0.6000.16825,7.0.6000.16825,6.0,8.0,6.0,5.1
D,"c:\windows\system32\APPHELP.DLL",2004-08-04 12:00:00,2004-08-04 02:56:36,126976,A,0x00026328,0x00026328,x86,GUI,"CV",0x77B40000,Unknown,0x00022000,Not Loaded,5.1.2600.2180,5.1.2600.2180,5.1,7.10,5.1,4.0
D,"c:\windows\system32\ATL.DLL",2004-08-04 12:00:00,2004-08-04 02:56:55,58880,A,0x00013D20,0x00013D20,x86,Console,"CV",0x76B20000,Unknown,0x00011000,Not Loaded,3.5.2284.0,6.5.0.2284,5.1,7.10,5.1,4.10
D,"c:\windows\system32\AUTHZ.DLL",2005-03-02 12:09:30,2005-03-02 13:09:29,56832,A,0x0000E2D5,0x0000E2D5,x86,Console,"CV",0x776C0000,Unknown,0x00011000,Not Loaded,5.1.2600.2622,5.1.2600.2622,5.1,7.10,5.1,4.10
D,"c:\windows\system32\BROWSEUI.DLL",2007-10-11 00:13:44,2007-10-11 01:13:44,1023488,A,0x00102FDD,0x00102FDD,x86,GUI,"CV",0x75F80000,Unknown,0x000FD000,Not Loaded,6.0.2900.3231,6.0.2900.3231,5.1,7.10,5.1,4.0
D,"c:\windows\system32\CABINET.DLL",2004-08-04 12:00:00,2004-08-04 02:56:00,59904,A,0x00019ACF,0x00019ACF,x86,GUI,"CV",0x75150000,Unknown,0x00014000,Not Loaded,5.1.2600.2180,5.1.2600.2180,5.1,7.10,5.1,4.0
D,"c:\windows\system32\CDFVIEW.DLL",2007-10-11 00:13:44,2007-10-11 01:13:44,151040,A,0x00031666,0x00031666,x86,GUI,"CV",0x6FAA0000,Unknown,0x00027000,Not Loaded,6.0.2900.3231,6.0.2900.3231,5.1,7.10,5.1,4.0
D,"c:\windows\system32\CERTCLI.DLL",2004-08-04 12:00:00,2004-08-04 02:56:08,194560,A,0x00032892,0x00032892,x86,Console,"CV",0x77B90000,Unknown,0x00032000,Not Loaded,5.1.2600.2180,5.1.2600.2180,5.1,7.10,5.1,4.10
D,"c:\windows\system32\CFGMGR32.DLL",2004-08-04 12:00:00,2004-08-04 02:56:13,16896,A,0x0000593F,0x0000593F,x86,GUI,"CV",0x74AE0000,Unknown,0x00007000,Not Loaded,5.1.2600.2180,5.1.2600.2180,5.1,7.10,5.1,4.0
D,"c:\windows\system32\CLUSAPI.DLL",2004-08-04 12:00:00,2004-08-04 02:56:20,57856,A,0x0001C6F8,0x0001C6F8,x86,Console,"CV",0x76D10000,Unknown,0x00011000,Not Loaded,5.1.2600.2180,5.1.2600.2180,5.1,7.10,5.1,4.0
D,"c:\windows\system32\COMCTL32.DLL",2006-08-25 09:45:58,2006-08-25 10:45:58,617472,A,0x0009ECCE,0x0009ECCE,x86,GUI,"CV",0x5D090000,Unknown,0x0009A000,Not Loaded,5.82.2900.2982,6.0.2900.2982,5.1,7.10,5.1,4.0
D,"c:\windows\system32\COMDLG32.DLL",2004-08-04 12:00:00,2004-08-04 02:56:32,276992,A,0x0004B1DF,0x0004B1DF,x86,GUI,"CV",0x763B0000,Unknown,0x00049000,Not Loaded,6.0.2900.2180,6.0.2900.2180,5.1,7.10,5.1,4.10
D,"c:\windows\system32\CREDUI.DLL",2004-08-04 12:00:00,2004-08-04 02:56:42,163840,A,0x0002962D,0x0002962D,x86,Console,"CV",0x76C00000,Unknown,0x0002E000,Not Loaded,5.1.2600.2180,5.1.2600.2180,5.1,7.10,5.1,4.10
D,"c:\windows\system32\CRYPT32.DLL",2004-08-04 12:00:00,2004-08-04 02:56:01,597504,A,0x00096491,0x00096491,x86,GUI,"CV",0x77A80000,Unknown,0x00094000,Not Loaded,5.131.2600.2180,5.131.2600.2180,5.1,7.10,5.1,4.0
D,"c:\windows\system32\CRYPTUI.DLL",2004-08-04 12:00:00,2004-08-04 02:56:06,512512,A,0x0008752B,0x0008752B,x86,GUI,"CV",0x754D0000,Unknown,0x00080000,Not Loaded,5.131.2600.2180,5.131.2600.2180,5.1,7.10,5.1,4.0
D,"c:\windows\system32\CSCDLL.DLL",2004-08-04 12:00:00,2004-08-04 02:56:07,101888,A,0x0001B3B4,0x0001B3B4,x86,Console,"CV",0x76600000,Unknown,0x0001D000,Not Loaded,5.1.2600.2180,5.1.2600.2180,5.1,7.10,5.1,4.10
D,"c:\windows\system32\DBGHELP.DLL",2004-08-04 12:00:00,2004-08-04 02:56:10,640000,A,0x000A8824,0x000A8824,x86,Console,"CV",0x59A60000,Unknown,0x000A1000,Not Loaded,5.1.2600.2180,5.1.2600.2180,5.1,7.10,5.1,4.0
D,"c:\windows\system32\DEVMGR.DLL",2004-08-04 12:00:00,2004-08-04 02:56:23,282624,A,0x00048DEA,0x00048DEA,x86,GUI,"CV",0x72A90000,Unknown,0x00048000,Not Loaded,5.1.2600.2180,5.1.2600.2180,5.1,7.10,5.1,4.0
D,"c:\windows\system32\DHCPCSVC.DLL",2006-05-19 06:59:42,2006-05-19 07:59:41,111616,A,0x00027E80,0x00027E80,x86,Console,"CV",0x76D80000,Unknown,0x0001E000,Not Loaded,5.1.2600.2912,5.1.2600.2912,5.1,7.10,5.1,4.0
D,"c:\windows\system32\DNSAPI.DLL",2008-06-20 12:41:10,2008-06-20 12:41:10,148992,A,0x00027283,0x00027283,x86,Console,"CV",0x76F20000,Unknown,0x00027000,Not Loaded,5.1.2600.3394,5.1.2600.3394,5.1,7.10,5.1,4.0
D,"c:\windows\system32\DUSER.DLL",2004-08-04 12:00:00,2004-08-04 02:56:04,304128,A,0x0004D63E,0x0004D63E,x86,GUI,"CV",0x6C1B0000,Unknown,0x0004D000,Not Loaded,5.1.2600.2180,5.1.2600.2180,5.1,7.10,5.1,4.0
D,"c:\windows\system32\EFSADU.DLL",2004-08-04 12:00:00,2004-08-04 02:56:04,26624,A,0x00011CC4,0x00011CC4,x86,GUI,"CV",0x6BC80000,Unknown,0x0000B000,Not Loaded,5.1.2600.2180,5.1.2600.2180,5.1,7.10,5.1,4.0
D,"c:\windows\system32\ESENT.DLL",2005-10-20 16:20:04,2005-10-20 17:20:02,1082368,A,0x0010A9CC,0x0010A9CC,x86,Console,"CV",0x606B0000,Unknown,0x0010D000,Not Loaded,5.1.2600.2780,5.1.2600.2780,5.1,7.10,5.1,4.10
D,"c:\windows\system32\HLINK.DLL",2006-07-21 02:24:44,2006-07-21 03:24:43,72704,A,0x00013BF8,0x00013BF8,x86,Console,"CV",0x76820000,Unknown,0x00015000,Not Loaded,5.2.3790.2748,5.2.3790.2748,5.2,7.10,5.2,4.10
D,"c:\windows\system32\HNETCFG.DLL",2004-08-04 12:00:00,2004-08-04 02:56:16,344064,A,0x00057FCB,0x00057FCB,x86,GUI,"CV",0x662B0000,Unknown,0x00058000,Not Loaded,5.1.2600.2180,5.1.2600.2180,5.1,7.10,5.1,4.0
D,"c:\windows\system32\IEFRAME.DLL",2009-02-20 13:09:36,2009-02-20 13:09:40,6066176,A,0x005CBFC8,0x005CBFC8,x86,GUI,"CV",0x408A0000,Unknown,0x005CD000,Not Loaded,7.0.6000.16825,7.0.6000.16825,6.0,8.0,6.0,5.1
D,"c:\windows\system32\IERTUTIL.DLL",2009-02-20 13:09:38,2009-02-20 13:09:42,268288,A,0x000420C4,0x000420C4,x86,GUI,"CV",0x78000000,Unknown,0x00045000,Not Loaded,7.0.6000.16825,7.0.6000.16825,6.0,8.0,6.0,5.1
D,"c:\windows\system32\IEUI.DLL",2007-08-13 18:54:10,2007-08-13 20:54:09,180736,,0x000396A8,0x000396A8,x86,GUI,"CV",0x5DFF0000,Unknown,0x0002F000,Not Loaded,7.0.5730.13,7.0.5730.13,6.0,8.0,6.0,5.1
D,"c:\windows\system32\IMAGEHLP.DLL",2004-08-04 12:00:00,2004-08-04 02:56:25,144384,A,0x0002E238,0x0002E238,x86,Console,"CV",0x76C90000,Unknown,0x00028000,Not Loaded,5.1.2600.2180,5.1.2600.2180,5.1,7.10,5.1,4.0
D,"c:\windows\system32\IMGUTIL.DLL",2007-08-13 18:36:06,2007-08-13 20:36:01,36352,A,0x0001222A,0x0001222A,x86,GUI,"CV",0x1B000000,Unknown,0x0000C000,Not Loaded,7.0.5730.13,7.0.5730.13,6.0,8.0,6.0,5.1
D,"c:\windows\system32\IMM32.DLL",2004-08-04 12:00:00,2004-08-04 02:56:30,110080,A,0x0002A024,0x0002A024,x86,GUI,"CV",0x76390000,Unknown,0x0001D000,Not Loaded,5.1.2600.2180,5.1.2600.2180,5.1,7.10,5.1,4.0
D,"c:\windows\system32\INETCOMM.DLL",2008-04-11 13:50:44,2008-04-11 13:50:43,683520,A,0x000A90A5,0x000A90A5,x86,GUI,"CV",0x76150000,Unknown,0x000AB000,Not Loaded,6.0.2900.3350,6.0.2900.3350,5.1,7.10,5.1,4.0
D,"c:\windows\system32\IPHLPAPI.DLL",2006-05-19 06:59:42,2006-05-19 07:59:41,94720,A,0x0001A172,0x0001A172,x86,Console,"CV",0x76D60000,Unknown,0x00019000,Not Loaded,5.1.2600.2912,5.1.2600.2912,5.1,7.10,5.1,4.10
D,"c:\windows\system32\LINKINFO.DLL",2005-08-31 19:41:54,2005-08-31 20:41:53,19968,A,0x000129A7,0x000129A7,x86,GUI,"CV",0x76980000,Unknown,0x00008000,Not Loaded,5.1.2600.2751,5.1.2600.2751,5.1,7.10,5.1,4.0
D,"c:\windows\system32\LZ32.DLL",2004-08-04 12:00:00,2001-08-18 00:33:24,2560,A,0x0000851D,0x0000851D,x86,Console,"PDB",0x73DC0000,Unknown,0x00003000,Not Loaded,5.1.2600.0,5.1.2600.0,5.1,7.0,5.1,5.1
D,"c:\windows\system32\MFC42U.DLL",2006-10-14 02:13:26,2006-08-30 22:06:53,981760,A,0x000F9F11,0x000F9F11,x86,GUI,"CV",0x5F800000,Unknown,0x000F2000,Not Loaded,6.2.8071.0,6.2.4.0,6.0,7.10,4.0,4.0
D,"c:\windows\system32\MLANG.DLL",2004-08-04 12:00:00,2004-08-04 02:56:29,586240,A,0x00096070,0x00096070,x86,GUI,"CV",0x75CF0000,Unknown,0x00091000,Not Loaded,6.0.2900.2180,6.0.2900.2180,5.1,7.10,5.1,4.0
D,"c:\windows\system32\MOBSYNC.DLL",2004-08-04 12:00:00,2004-08-04 02:56:36,207360,A,0x0003B35B,0x0003B35B,x86,Console,"CV",0x61680000,Unknown,0x00036000,Not Loaded,5.1.2600.2180,5.1.2600.2180,5.1,7.10,5.1,4.0
D,"c:\windows\system32\MPRAPI.DLL",2004-08-04 12:00:00,2004-08-04 02:56:47,87040,A,0x0001D240,0x0001D240,x86,Console,"CV",0x76D40000,Unknown,0x00018000,Not Loaded,5.1.2600.2180,5.1.2600.2180,5.1,7.10,5.1,4.10
D,"c:\windows\system32\MPRUI.DLL",2004-08-04 12:00:00,2001-08-18 00:33:37,47104,A,0x00012017,0x00012017,x86,Console,"PDB",0x71B00000,Unknown,0x0000F000,Not Loaded,5.1.2600.0,5.1.2600.0,5.1,7.0,5.1,4.10
D,"c:\windows\system32\MSASN1.DLL",2004-08-04 12:00:00,2004-08-04 02:57:23,57344,A,0x000116AD,0x000116AD,x86,GUI,"CV",0x77B20000,Unknown,0x00012000,Not Loaded,5.1.2600.2180,5.1.2600.2180,5.1,7.10,5.1,4.0
D,"c:\windows\system32\MSGINA.DLL",2004-08-04 12:00:00,2004-08-04 02:58:01,994304,A,0x000F434B,0x000F434B,x86,Console,"CV",0x75970000,Unknown,0x000F7000,Not Loaded,5.1.2600.2180,5.1.2600.2180,5.1,7.10,5.1,4.10
D,"c:\windows\system32\MSHTML.DLL",2009-02-20 13:09:38,2009-02-20 13:09:38,3595264,A,0x0036E459,0x0036E459,x86,GUI,"CV",0x3EC60000,Unknown,0x00374000,Not Loaded,7.0.6000.16825,7.0.6000.16825,6.0,8.0,6.0,5.1
D,"c:\windows\system32\MSI.DLL",2007-04-18 11:12:24,2007-04-18 11:12:21,2854400,A,0x002C82D7,0x002C82D7,x86,Console,"CV",0x7D1E0000,Unknown,0x002BE000,Not Loaded,3.1.4000.4039,3.1.4000.4039,5.2,7.10,5.2,4.10
D,"c:\windows\system32\MSIMG32.DLL",2004-08-04 12:00:00,2004-08-04 02:58:31,4608,A,0x00005405,0x00005405,x86,Console,"CV",0x76380000,Unknown,0x00005000,Not Loaded,5.1.2600.2180,5.1.2600.2180,5.1,7.10,5.1,4.10
D,"c:\windows\system32\MSLS31.DLL",2007-08-13 18:54:10,2007-08-13 20:54:09,156160,A,0x0002FA20,0x0002FA20,x86,GUI,"CV",0x746C0000,Unknown,0x00029000,Not Loaded,3.10.349.0,3.10.0.0,6.0,8.0,6.0,5.1
D,"c:\windows\system32\MSOERT2.DLL",2004-08-04 06:00:00,2004-08-04 02:58:52,105984,A,0x0001C294,0x0001C294,x86,GUI,"CV",0x76880000,Unknown,0x00022000,Not Loaded,6.0.2900.2180,6.0.2900.2180,5.1,7.10,5.1,4.0
D,"c:\windows\system32\MSRATING.DLL",2009-02-20 13:09:38,2009-02-20 13:09:40,193024,,0x0003C525,0x0003C525,x86,GUI,"CV",0x42B40000,Unknown,0x00033000,Not Loaded,7.0.6000.16825,7.0.6000.16825,6.0,8.0,6.0,5.1
D,"c:\windows\system32\MSSIGN32.DLL",2004-08-04 12:00:00,2001-08-18 00:33:35,35840,A,0x0000A28B,0x0000A28B,x86,GUI,"PDB",0x720E0000,Unknown,0x0000B000,Not Loaded,5.131.2600.0,5.131.2600.0,5.1,7.0,5.1,4.0
D,"c:\windows\system32\MSVCP60.DLL",2004-08-04 12:00:00,2004-08-04 02:59:13,413696,A,0x00069ACE,0x00069ACE,x86,GUI,"CV",0x76080000,Unknown,0x00065000,Not Loaded,6.2.3104.0,6.2.3104.0,0.0,7.10,4.0,4.0
D,"c:\windows\system32\MSWSOCK.DLL",2008-06-20 12:41:10,2008-06-20 12:41:10,245248,A,0x0004AA81,0x0004AA81,x86,Console,"CV",0x71A50000,Unknown,0x0003F000,Not Loaded,5.1.2600.3394,5.1.2600.3394,5.1,7.10,5.1,4.10
D,"c:\windows\system32\NETAPI32.DLL",2008-10-15 11:57:56,2008-10-15 11:57:55,332800,A,0x00058895,0x00058895,x86,Console,"CV",0x5B860000,Unknown,0x00054000,Not Loaded,5.1.2600.3462,5.1.2600.3462,5.1,7.10,5.1,4.0
D,"c:\windows\system32\NETCFGX.DLL",2004-08-04 12:00:00,2004-08-04 02:56:29,622080,A,0x000A1647,0x000A1647,x86,GUI,"CV",0x755F0000,Unknown,0x0009A000,Not Loaded,5.1.2600.2180,5.1.2600.2180,5.1,7.10,5.1,4.0
D,"c:\windows\system32\NETMAN.DLL",2005-08-22 12:29:46,2005-08-22 13:29:46,197632,A,0x0003DF4D,0x0003DF4D,x86,GUI,"CV",0x77D00000,Unknown,0x00033000,Not Loaded,5.1.2600.2743,5.1.2600.2743,5.1,7.10,5.1,4.0
D,"c:\windows\system32\NETPLWIZ.DLL",2004-08-04 12:00:00,2004-08-04 02:56:34,875008,A,0x000E0A05,0x000E0A05,x86,GUI,"CV",0x5F560000,Unknown,0x000DA000,Not Loaded,5.1.2600.2180,5.1.2600.2180,5.1,7.10,5.1,4.10
D,"c:\windows\system32\NETRAP.DLL",2004-08-04 12:00:00,2004-08-04 02:56:35,12288,A,0x0001157D,0x0001157D,x86,Console,"CV",0x71C80000,Unknown,0x00007000,Not Loaded,5.1.2600.2180,5.1.2600.2180,5.1,7.10,5.1,4.10
D,"c:\windows\system32\NETSHELL.DLL",2004-08-04 12:00:00,2004-08-04 02:56:37,1708032,A,0x001B04EC,0x001B04EC,x86,GUI,"CV",0x76400000,Unknown,0x001A6000,Not Loaded,5.1.2600.2180,5.1.2600.2180,5.1,7.10,5.1,4.0
D,"c:\windows\system32\NETUI0.DLL",2004-08-04 12:00:00,2004-08-04 02:56:38,80896,A,0x00015BF8,0x00015BF8,x86,GUI,"CV",0x71CD0000,Unknown,0x00017000,Not Loaded,5.1.2600.2180,5.1.2600.2180,5.1,7.10,5.1,4.0
D,"c:\windows\system32\NETUI1.DLL",2004-08-04 12:00:00,2004-08-04 02:56:39,245760,A,0x0003F9E9,0x0003F9E9,x86,GUI,"CV",0x71C90000,Unknown,0x00040000,Not Loaded,5.1.2600.2180,5.1.2600.2180,5.1,7.10,5.1,4.0
D,"c:\windows\system32\NETUI2.DLL",2004-08-04 12:00:00,2001-08-18 00:33:37,308224,A,0x000583E4,0x000583E4,x86,GUI,"PDB",0x71BA0000,Unknown,0x0004E000,Not Loaded,5.1.2600.0,5.1.2600.0,5.1,7.0,5.1,4.0
D,"c:\windows\system32\NORMALIZ.DLL",2006-06-29 08:05:44,2006-06-29 10:05:42,23552,,0x00010188,0x00010188,x86,GUI,"CV",0x00400000,Unknown,0x00009000,Not Loaded,6.0.5441.0,6.0.5441.0,6.0,8.0,6.0,5.0
D,"c:\windows\system32\NTDSAPI.DLL",2004-08-04 12:00:00,2004-08-04 02:56:57,67072,A,0x00019F76,0x00019F76,x86,Console,"CV",0x767A0000,Unknown,0x00013000,Not Loaded,5.1.2600.2180,5.1.2600.2180,5.1,7.10,5.1,4.10
D,"c:\windows\system32\NTLANMAN.DLL",2004-08-04 12:00:00,2004-08-04 02:57:00,43520,A,0x0000FB11,0x0000FB11,x86,GUI,"CV",0x71C10000,Unknown,0x0000E000,Not Loaded,5.1.2600.2180,5.1.2600.2180,5.1,7.10,5.1,4.0
D,"c:\windows\system32\ODBC32.DLL",2004-08-04 12:00:00,2004-08-04 02:57:17,249856,A,0x0004002F,0x0004002F,x86,GUI,"CV",0x74320000,Unknown,0x0003D000,Not Loaded,3.525.1117.0,3.525.1117.0,5.1,7.10,5.1,4.0
D,"c:\windows\system32\OLE32.DLL",2005-07-25 22:39:48,2005-07-25 23:39:47,1285120,A,0x0013DC6B,0x0013DC6B,x86,Console,"CV",0x774E0000,Unknown,0x0013D000,Not Loaded,5.1.2600.2726,5.1.2600.2726,5.1,7.10,5.1,4.0
D,"c:\windows\system32\OLEACC.DLL",2004-08-04 12:00:00,2001-08-18 00:33:18,163328,A,0x000349E5,0x000349E5,x86,GUI,"PDB",0x74C80000,Unknown,0x0002C000,Not Loaded,4.2.5406.0,5.1.2600.0,5.1,7.0,5.1,4.0
D,"c:\windows\system32\OLEAUT32.DLL",2007-12-04 13:38:14,2007-12-04 13:38:12,550912,A,0x00086DD3,0x00086DD3,x86,Console,"CV",0x77120000,Unknown,0x0008B000,Not Loaded,5.1.2600.3266,5.1.2600.3266,5.1,7.10,5.1,4.10
D,"c:\windows\system32\OLEDLG.DLL",2006-10-16 10:15:00,2006-10-16 11:15:00,122880,A,0x00026D7E,0x00026D7E,x86,GUI,"CV",0x7DF70000,Unknown,0x00022000,Not Loaded,5.1.2600.3016,5.1.2600.3016,5.1,7.10,5.1,4.0
D,"c:\windows\system32\OLEPRO32.DLL",2004-08-04 12:00:00,2004-08-04 02:57:43,83456,A,0x00024322,0x00024322,x86,Console,"CV",0x5EDD0000,Unknown,0x00017000,Not Loaded,5.1.2600.2180,5.1.2600.2180,5.1,7.10,5.1,4.0
D,"c:\windows\system32\POWRPROF.DLL",2004-08-04 12:00:00,2004-08-04 02:56:53,17408,A,0x00012759,0x00012759,x86,GUI,"CV",0x74AD0000,Unknown,0x00008000,Not Loaded,6.0.2900.2180,6.0.2900.2180,5.1,7.10,5.1,4.10
D,"c:\windows\system32\PRINTUI.DLL",2004-08-04 12:00:00,2004-08-04 02:56:54,560640,A,0x00094A98,0x00094A98,x86,Console,"CV",0x74B80000,Unknown,0x0008C000,Not Loaded,5.1.2600.2180,5.1.2600.2180,5.1,7.10,5.1,4.10
D,"c:\windows\system32\PSAPI.DLL",2004-08-04 12:00:00,2004-08-04 02:56:58,23040,A,0x0000A29B,0x0000A29B,x86,Console,"CV",0x76BF0000,Unknown,0x0000B000,Not Loaded,5.1.2600.2180,5.1.2600.2180,5.1,7.10,5.1,4.0
D,"c:\windows\system32\QUERY.DLL",2006-06-21 23:06:30,2006-06-22 00:06:29,1435648,A,0x001681C7,0x001681C7,x86,GUI,"CV",0x7D9A0000,Unknown,0x00165000,Not Loaded,5.1.2600.2935,5.1.2600.2935,5.1,7.10,5.1,5.0
D,"c:\windows\system32\RASAPI32.DLL",2004-08-04 12:00:00,2004-08-04 02:56:25,236544,A,0x00041A56,0x00041A56,x86,GUI,"CV",0x76EE0000,Unknown,0x0003C000,Not Loaded,5.1.2600.2180,5.1.2600.2180,5.1,7.10,5.1,4.0
D,"c:\windows\system32\RASDLG.DLL",2004-08-04 12:00:00,2004-08-04 02:56:28,657920,A,0x000A957F,0x000A957F,x86,Console,"CV",0x768D0000,Unknown,0x000A4000,Not Loaded,5.1.2600.2180,5.1.2600.2180,5.1,7.10,5.1,4.10
D,"c:\windows\system32\RASMAN.DLL",2004-08-04 12:00:00,2004-08-04 02:56:29,61440,A,0x0001A747,0x0001A747,x86,GUI,"CV",0x76E90000,Unknown,0x00012000,Not Loaded,5.1.2600.2180,5.1.2600.2180,5.1,7.10,5.1,4.0
D,"c:\windows\system32\REGAPI.DLL",2004-08-04 12:00:00,2004-08-04 02:56:40,49664,A,0x0001BE2B,0x0001BE2B,x86,Console,"CV",0x76BC0000,Unknown,0x0000F000,Not Loaded,5.1.2600.2180,5.1.2600.2180,5.1,7.10,5.1,4.10
D,"c:\windows\system32\RTUTILS.DLL",2004-08-04 12:00:00,2004-08-04 02:56:36,44032,A,0x000121E6,0x000121E6,x86,Console,"CV",0x76E80000,Unknown,0x0000E000,Not Loaded,5.1.2600.2180,5.1.2600.2180,5.1,7.10,5.1,4.10
D,"c:\windows\system32\SAMLIB.DLL",2004-08-04 12:00:00,2004-08-04 02:56:29,64000,A,0x00019C51,0x00019C51,x86,Console,"CV",0x71BF0000,Unknown,0x00013000,Not Loaded,5.1.2600.2180,5.1.2600.2180,5.1,7.10,5.1,4.0
D,"c:\windows\system32\SCECLI.DLL",2004-08-04 12:00:00,2004-08-04 02:56:37,180224,A,0x00032B1D,0x00032B1D,x86,Console,"CV",0x74410000,Unknown,0x0002E000,Not Loaded,5.1.2600.2180,5.1.2600.2180,5.1,7.10,5.1,4.0
D,"c:\windows\system32\SETUPAPI.DLL",2004-08-04 12:00:00,2004-08-04 02:56:32,983552,A,0x000F596B,0x000F596B,x86,GUI,"CV",0x77920000,Unknown,0x000F3000,Not Loaded,5.1.2600.2180,5.1.2600.2180,5.1,7.10,5.1,4.0
D,"c:\windows\system32\SHDOCVW.DLL",2007-10-11 00:13:46,2007-10-11 01:13:45,1494528,A,0x0017B3DF,0x0017B3DF,x86,GUI,"CV",0x7E290000,Unknown,0x0016F000,Not Loaded,6.0.2900.3231,6.0.2900.3231,5.1,7.10,5.1,4.0
D,"c:\windows\system32\SHSVCS.DLL",2006-12-19 15:52:18,2006-12-19 16:52:11,134656,A,0x00024BE1,0x00024BE1,x86,GUI,"CV",0x776E0000,Unknown,0x00023000,Not Loaded,6.0.2900.3051,6.0.2900.3051,5.1,7.10,5.1,4.10
D,"c:\windows\system32\TAPI32.DLL",2004-08-04 12:00:00,2004-08-04 02:56:38,181760,A,0x0003736D,0x0003736D,x86,GUI,"CV",0x76EB0000,Unknown,0x0002F000,Not Loaded,5.1.2600.2180,5.1.2600.2180,5.1,7.10,5.1,4.0
D,"c:\windows\system32\URLMON.DLL",2009-02-20 13:09:38,2009-02-20 13:09:38,1160192,A,0x001211AF,0x001211AF,x86,GUI,"CV",0x78130000,Unknown,0x00127000,Not Loaded,7.0.6000.16825,7.0.6000.16825,6.0,8.0,6.0,5.1
D,"c:\windows\system32\USERENV.DLL",2004-08-04 12:00:00,2004-08-04 02:56:41,723456,A,0x000B67EA,0x000B67EA,x86,GUI,"CV",0x769C0000,Unknown,0x000B3000,Not Loaded,5.1.2600.2180,5.1.2600.2180,5.1,7.10,5.1,4.0
D,"c:\windows\system32\USP10.DLL",2004-08-04 12:00:00,2004-08-04 02:56:42,406528,A,0x000656C9,0x000656C9,x86,GUI,"CV",0x74D90000,Unknown,0x0006B000,Not Loaded,1.420.2600.2180,1.420.2600.2180,5.1,7.10,5.1,4.0
D,"c:\windows\system32\UTILDLL.DLL",2004-08-04 12:00:00,2001-08-18 00:36:14,25600,A,0x0000DD91,0x0000DD91,x86,Console,"PDB",0x5ADB0000,Unknown,0x0000A000,Not Loaded,5.1.2600.0,5.1.2600.0,5.1,7.0,5.1,4.0
D,"c:\windows\system32\UXTHEME.DLL",2004-08-04 12:00:00,2004-08-04 02:56:43,218624,A,0x0003E638,0x0003E638,x86,GUI,"CV",0x5AD70000,Unknown,0x00038000,Not Loaded,6.0.2900.2180,6.0.2900.2180,5.1,7.10,5.1,4.10
D,"c:\windows\system32\VERSION.DLL",2004-08-04 12:00:00,2004-08-04 02:56:39,18944,A,0x00011D78,0x00011D78,x86,GUI,"CV",0x77C00000,Unknown,0x00008000,Not Loaded,5.1.2600.2180,5.1.2600.2180,5.1,7.10,5.1,4.0
D,"c:\windows\system32\W32TOPL.DLL",2004-08-04 12:00:00,2001-08-18 00:33:36,22016,A,0x00014769,0x00014769,x86,Console,"PDB",0x71F40000,Unknown,0x00009000,Not Loaded,5.1.2600.0,5.1.2600.0,5.1,7.0,5.1,4.10
D,"c:\windows\system32\WINHTTP.DLL",2008-12-16 07:47:52,2008-12-16 07:47:51,351232,A,0x00062103,0x00062103,x86,GUI,"CV",0x4D4F0000,Unknown,0x00058000,Not Loaded,5.1.2600.3494,5.1.2600.3494,5.1,7.10,5.1,4.0
D,"c:\windows\system32\WININET.DLL",2009-03-02 19:18:26,2009-03-02 19:18:24,826368,A,0x000D2E96,0x000D2E96,x86,GUI,"CV",0x78050000,Unknown,0x000D0000,Not Loaded,7.0.6000.16827,7.0.6000.16827,6.0,8.0,6.0,5.1
D,"c:\windows\system32\WINMM.DLL",2004-08-04 12:00:00,2004-08-04 02:57:10,176128,A,0x0002ED0A,0x0002ED0A,x86,GUI,"CV",0x76B40000,Unknown,0x0002D000,Not Loaded,5.1.2600.2180,5.1.2600.2180,5.1,7.10,5.1,4.0
D,"c:\windows\system32\WINSCARD.DLL",2004-08-04 12:00:00,2004-08-04 02:56:36,99328,A,0x000215C4,0x000215C4,x86,Console,"CV",0x723D0000,Unknown,0x0001C000,Not Loaded,5.1.2600.2180,5.1.2600.2180,5.1,7.10,5.1,4.10
D,"c:\windows\system32\WINSPOOL.DRV",2004-08-04 12:00:00,2004-08-04 02:56:38,146432,A,0x0002A147,0x0002A147,x86,GUI,"CV",0x73000000,Unknown,0x00026000,Not Loaded,5.1.2600.2180,5.1.2600.2180,5.1,7.10,5.1,4.0
D,"c:\windows\system32\WINSTA.DLL",2004-08-04 12:00:00,2004-08-04 02:56:40,53760,A,0x00014D19,0x00014D19,x86,Console,"CV",0x76360000,Unknown,0x00010000,Not Loaded,5.1.2600.2180,5.1.2600.2180,5.1,7.10,5.1,4.10
D,"c:\windows\system32\WINTRUST.DLL",2004-08-04 12:00:00,2004-08-04 02:56:41,176640,A,0x0003069E,0x0003069E,x86,GUI,"CV",0x76C30000,Unknown,0x0002E000,Not Loaded,5.131.2600.2180,5.131.2600.2180,5.1,7.10,5.1,4.0
D,"c:\windows\system32\WLDAP32.DLL",2004-08-04 12:00:00,2004-08-04 02:56:43,172032,A,0x0003811E,0x0003811E,x86,GUI,"CV",0x76F60000,Unknown,0x0002C000,Not Loaded,5.1.2600.2180,5.1.2600.2180,5.1,7.10,5.1,4.0
D,"c:\windows\system32\WMI.DLL",2004-08-04 12:00:00,2004-08-04 02:56:51,5632,A,0x0000EAA5,0x0000EAA5,x86,GUI,"CV",0x76D30000,Unknown,0x00004000,Not Loaded,5.1.2600.2180,5.1.2600.2180,5.1,7.10,5.1,4.0
D,"c:\windows\system32\WSOCK32.DLL",2004-08-04 12:00:00,2004-08-04 02:57:51,22528,A,0x00012C31,0x00012C31,x86,Console,"CV",0x71AD0000,Unknown,0x00009000,Not Loaded,5.1.2600.2180,5.1.2600.2180,5.1,7.10,5.1,4.10
D,"c:\windows\system32\WTSAPI32.DLL",2004-08-04 12:00:00,2004-08-04 02:57:55,18432,A,0x00008C06,0x00008C06,x86,Console,"CV",0x76F50000,Unknown,0x00008000,Not Loaded,5.1.2600.2180,5.1.2600.2180,5.1,7.10,5.1,4.10
D,"c:\windows\system32\WZCDLG.DLL",2004-08-04 12:00:00,2004-08-04 02:57:56,378368,A,0x000654B5,0x000654B5,x86,GUI,"CV",0x5DF10000,Unknown,0x0005E000,Not Loaded,5.1.2600.2180,5.1.2600.2180,5.1,7.10,5.1,4.0
D,"c:\windows\system32\WZCSAPI.DLL",2004-08-04 12:00:00,2004-08-04 02:57:57,51712,A,0x0000E183,0x0000E183,x86,Console,"CV",0x73030000,Unknown,0x00010000,Not Loaded,5.1.2600.2180,5.1.2600.2180,5.1,7.10,5.1,4.10
D,"c:\windows\system32\WZCSVC.DLL",2004-08-04 12:00:00,2004-08-04 02:57:58,359936,A,0x0005FD08,0x0005FD08,x86,Console,"CV",0x77620000,Unknown,0x0006E000,Not Loaded,5.1.2600.2180,5.1.2600.2180,5.1,7.10,5.1,4.10
D,"c:\windows\winsxs\x86_microsoft.windows.gdiplus_6595b64144ccf1df_1.0.2600.3352_x-ww_81af8e88\GDIPLUS.DLL",2008-04-15 12:54:20,2008-04-15 12:54:19,1724416,A,0x001AF372,0x001AF372,x86,Console,"CV",0x4EC50000,Unknown,0x001A6000,Not Loaded,5.1.3102.3352,5.1.3102.3352,5.1,7.10,5.1,4.0
